{
  "learning_rate": 0.0007163802585928034,
  "batch_size": 128,
  "gamma": 0.9635616907036089,
  "gae_lambda": 0.9305563864624098,
  "clip_range": 0.34578951196490026,
  "ent_coef": 0.0026673959339927485,
  "vf_coef": 0.8618081141238707,
  "n_layers": 2,
  "layer_size": 256,
  "max_grad_norm": 3.6516436020832868,
  "n_epochs": 12
}